{ 
"events":
	[
		{
			"uid": "001",
			"title": "Sommer Cocktail Party",
			"category": ["Party","Cocktail"],
			"date": "05/07/2008",
			"info": [
				  		{
				  			"description":"",
				  			"lon":"9.038125",
				  			"lat":"45.529783", 
				  		}
					],	
			"description": "Schneiderei Bier & Kaffee - Sommer Cocktail Party",
			"picture": "http://localhost/events/images/2591998085_0cfbfbb179.jpg",
			"thumb": "http://localhost/events/images/2591998085_0cfbfbb179_thumb.jpg",
			"media_gallery": [
								"http://localhost/events/images/001/a.jpeg",
								"http://localhost/events/images/001/b.jpeg",
								"http://localhost/events/images/001/c.jpeg"
					 		]
		},
		{
			"uid": "002",
			"title": "Hit Mix Party",
			"category": ["Party"],
			"date": "19/07/2008",
			"info": [
				  		{
				  			"description":"",
				  			"lon":"9.038125",
				  			"lat":"45.529783", 
				  		}
					],	
			"description": "Schneiderei Bier & Kaffee - Hit Mix Party",
			"picture": "http://localhost/events/images/2592836522_0f0f76ca49.jpg",
			"thumb": "http://localhost/events/images/2592836522_0f0f76ca49_thumb.jpg",
			"media_gallery": [
								"http://localhost/events/images/002/a.jpeg",
								"http://localhost/events/images/002/b.jpeg"
					 		]
		},
		{
			"uid": "003",
			"title": "Jagermeister Party",
			"category": ["Party"],
			"date": "12/07/2008",
			"info": [
				  		{
				  			"description":"",
				  			"lon":"9.038125",
				  			"lat":"45.529783", 
				  		}
					],	
			"description": "Schneiderei Bier & Kaffee - Jagermeister Party",
			"picture": "http://localhost/events/images/2592836800_2f3a3e7b81.jpg",
			"thumb": "http://localhost/events/images/2592836800_2f3a3e7b81_thumb.jpg",
			"media_gallery": [
								"http://localhost/events/images/003/a.jpeg",
								"http://localhost/events/images/003/b.jpeg",
								"http://localhost/events/images/003/c.jpeg"
					 		]
		},
		{
			"uid": "004",
			"title": "Karaoke Party",
			"category": ["Party","Karaoke"],
			"date": "09/08/2008",
			"info": [
				  		{
				  			"description":"",
				  			"lon":"9.038125",
				  			"lat":"45.529783", 
				  		}
					],	
			"description": "Schneiderei Bier & Kaffee - Karaoke Party",
			"picture": "http://localhost/events/images/2691574713_7f8dea30c0.jpg",
			"thumb": "http://localhost/events/images/2691574713_7f8dea30c0_thumb.jpg",
			"media_gallery": [
								"http://localhost/events/images/004/a.jpeg",
								"http://localhost/events/images/004/b.jpeg"
					 		]
		}
	]
}