{ 
"events":
	[
		{
			"uid": "001",
			"title": "Runners in Milan",
			"category": ["Sport"],
			"date": "15/04/2012",
			"info": [
				  		{
				  			"description":"<i>Hello World!</i>",
				  			"lon":"9.038125",
				  			"lat":"45.529783", 
				  		}
					],	
			"description": "On Sunday 15 thousands of runners will take part in the 12th edition of the Milano City Marathon, an event that will see competitors taking to the streets of Milan. The race starts from the Rho/Pero Fairgrounds and crosses several of Milan’s most characteristic spots, ending up at Piazza Castello. This year’s Milano City Marathon will once again give sports enthusiasts – marathon and relay runners – a chance to support one of the Onlus charity programs.",
			"picture": "http://demotv.digitalsolutionsitalia.it/montenapoleone/images/milano_city_marathon.jpg",
			"thumb": "http://demotv.digitalsolutionsitalia.it/montenapoleone/images/milano_city_marathon_thumb.jpg",
			"media_gallery": [
								"http://demotv.digitalsolutionsitalia.it/montenapoleone/images/multimedia/001/Unknown.jpeg",
								"http://demotv.digitalsolutionsitalia.it/montenapoleone/images/multimedia/001/Unknown2.jpeg"
					 		]
		},
		{
			"uid": "002",
			"title": "Welcome to Top Creativity",
			"category": ["Design"],
			"date": "17/04/2012",
			"info": [
				  		{
				  			"description":"<i>Hello World!</i>",
				  			"lon":"9.038125",
				  			"lat":"45.529783", 
				  		}
					],	
			"description": "Each April, when spring comes around, milan gets ready to welcome the 'Saloni', the #1 showcase for furniture and design. While the halls of its fairgrounds embrace the creativity of renowned masters of design and young, up-and-coming talents, the city becomes awash with an orgy of events which transform it into a stage of spectacular happenings. Products, brands and business go hand-in-hand with style, beauty, creativity and a desire for experimentation: a design frenzy that serves as milan’s visiting card throughout the world. After celebrating 50 years of success last year, the new edition of the 'Saloni' (17-22 April, Fieramilano, Rho, www.cosmit.it), draws designers, companies and the world’s greats in home décor who seize this 'not-to-be-missed' opportunity to premiere their collections. Ever since the 50s, Italian design has been recognized worldwide as being among the very best and Milan testifies to this heritage throughout the year at its design studios, it shops, its venues designed by acclaimed designers and its cultural institutions. Once a year, the players involved in one of our country’s most productive, avant-garde sectors, stage the latest innovations in the industry and the city is invaded by their visions to delight and heighten the senses of visitors. The Saloni’s relationship with Milan reflects an ongoing interaction which, since the very beginning, has earmarked Milan as the cradle of design: we at 'Where' are honoured to help you discover what actually lies beneath the tip of the iceberg.",
			"picture": "http://demotv.digitalsolutionsitalia.it/montenapoleone/images/Design.jpg",
			"thumb": "http://demotv.digitalsolutionsitalia.it/montenapoleone/images/Design_thumb.jpg",
			"media_gallery": [
								"http://demotv.digitalsolutionsitalia.it/montenapoleone/images/multimedia/002/Unknown.jpeg",
								"http://demotv.digitalsolutionsitalia.it/montenapoleone/images/multimedia/002/Unknown2.jpeg",
								"http://demotv.digitalsolutionsitalia.it/montenapoleone/images/multimedia/002/Unknown3.jpeg"
					 		]
		}
	]
}
